{"setupNumber": 1, "section": 4, "thetaWall": 4.692631853252114, "z0": 0.05475, "fits": []}